Časovni žig,Ime in priimek,Naslov in kraj stalnega bivališča,Stopnja in naziv izobrazbe,Kraj in datum rojstva,"Delo, ki ga opravljate",EMŠO,Občina kjer želite kandidirati v občinski svet,Želite kandidirati v četrtni/krajevni svet?,Želite kandidirati za župana?,Kontakt
2026-09-15 12:00,Janez Novak,"Slovenska cesta 10, 1000 Ljubljana","7. stopnja, univ. dipl. inž. el.","Ljubljana, 3. 4. 1985",inženir,0304985500001,MOL,Da,Ne,kandidat@primer.si
2026-09-15 12:00,Ana Marija Horvat,"Prešernov trg 1, 1000 Ljubljana",Magistrica varstva narave,"Celje, 21. 2. 1990",raziskovalka,2102990505009,Mestna občina Ljubljana,Ne,Ne,kandidat@primer.si
2026-09-15 12:00,Nina Kralj,"Petkova ulica 7, 1000 Ljubljana",dr. znanosti,"Ljubljana, 8. 8. 1975",profesorica,0808975505003,LJUBLJANA ,Ne,Ne,kandidat@primer.si
2026-09-15 12:00,Mojca Kovač,"Trg svobode 1, 2000 Maribor",V. Gimnazijska maturantka,"Maribor, 12. 11. 1999",študentka,1211999505001,Maribor,Ne,Da,kandidat@primer.si
2026-09-15 12:00,Luka Zupan,"Podkoren 12, 4280 Kranjska Gora","5. stopnja, Tehnik mehatronike","Jesenice, 1. 7. 2001",tehnik,107001500006,Kranjska gora,Da,Ne,kandidat@primer.si
2026-09-15 12:00,Peter Kos,"Titov trg 3, 6000 Koper","VI/2 prva bolonjska stopnja, diplomirani filozof (UN)","Koper, 5. 5. 1978",učitelj,0505978500018,Koper,Ne,Da,kandidat@primer.si
2026-09-15 12:00,Tina Bregar,"Gradiska ul. 29, 8351 Straza",Nižja poklicna,"Novo mesto, 9. 9. 1995",prodajalka,0909995505000,Straza,Ne,Ne,kandidat@primer.si
2026-09-15 12:00,Marko Golob,"Hruševec 19a, 8351 Straža pri Novem mestu",dipl. ekon. (VS),"Novo mesto, 30. 1. 1970",podjetnik,3001970500003,"Hruševec 19a, 8351 Straža",Da,Da,kandidat@primer.si
2026-09-15 12:00,Jure Potočnik,"Rumanja vas 51, 8351 Straža",osnovna šola,"Novo mesto, 2. 3. 1988",kmetovalec,0203988500001,Straža,Ne,Ne,kandidat@primer.si
2026-09-15 12:00,Tipkarska Napaka,Rimska cesta 9,srednja strokovna,"Ljubljana, 1. 1. 1990",,0101990500009,Ljubljana,Ne,Ne,kandidat@primer.si
2026-09-15 12:00,Janez Novak,"Slovenska cesta 10, 1000 Ljubljana","7. stopnja, univ. dipl. inž. el.","Ljubljana, 3. 4. 1985",inženir elektrotehnike,0304985500001,MOL,Da,Ne,kandidat@primer.si
